"NP","NM","nlP","nlM","nlnP","nlnM","zoP","zoM","wP","wM","timesteps","Lambda","mutprb","fiterrP","fiterrM","prbHorz","pfP","pfM","FLFC","FC","pVp","tVp","pVm","tVm","dP","dM","tcoefP","c.0..rep.tcoefM..each...10.."
10,10,100,200,3,3,3,2,1,1,500,30,0.0005,0.001,0.001,0.2,0.6,0.6,0.1,-0.792312688446547,0.800000000000001,0.00179555555555557,0.199999999999999,0.000448888888888888,0.426,0.574,0.00116363636363644,-0.000642424242424216
25,25,100,200,3,3,3,2,1,1,500,30,0.0005,0.001,0.001,0.2,0.6,0.6,0.1,-0.446763441363457,0.350761085373925,0.00441666666666667,0.649238914626075,0.008175,0.556,0.444,0.0109599999999999,-0.00660121212121211
50,50,100,200,3,3,3,2,1,1,500,30,0.0005,0.001,0.001,0.2,0.6,0.6,0.1,0.213186879865004,0.795069673517201,0.0132418367346939,0.204930326482799,0.00341310204081633,0.3996,0.6004,0.00124606060606057,0.000263030303030325
75,75,100,200,3,3,3,2,1,1,500,30,0.0005,0.001,0.001,0.2,0.6,0.6,0.1,0.0112413920260088,0.768454537390842,0.0318440360360361,0.231545462609158,0.00959502702702702,0.472266666666667,0.527733333333333,0.00677656565656561,-0.00684686868686866
125,125,100,200,3,3,3,2,1,1,500,30,0.0005,0.001,0.001,0.2,0.6,0.6,0.1,0.219693538851523,0.478050783997822,0.0271835096774194,0.521949216002178,0.0296797161290323,0.50424,0.49576,0.00358836363636367,-0.00987636363636364
150,150,100,200,3,3,3,2,1,1,500,30,0.0005,0.001,0.001,0.2,0.6,0.6,0.1,0.346903653138657,0.807085710728177,0.0371222774049217,0.192914289271823,0.00887318120805369,0.433266666666666,0.566733333333334,-0.00392161616161607,-0.00385858585858587
200,200,100,200,3,3,3,2,1,1,500,30,0.0005,0.001,0.001,0.2,0.6,0.6,0.1,0.174322686914994,0.658255246245062,0.0385094849246231,0.341744753754938,0.0199928743718593,0.50995,0.49005,0.00148060606060615,-0.00407848484848486
250,250,100,200,3,3,3,2,1,1,500,30,0.0005,0.001,0.001,0.2,0.6,0.6,0.1,0.674107983240027,0.616521217673705,0.0600835036144578,0.383478782326295,0.0373721911646586,0.38776,0.61224,0.00509575757575759,-0.00266521212121213
300,300,100,200,3,3,3,2,1,1,500,30,0.0005,0.001,0.001,0.2,0.6,0.6,0.1,0.394287965204398,0.62065063875299,0.0502154247491639,0.37934936124701,0.0306922898550725,0.541533333333333,0.458466666666667,-0.00317454545454551,-0.00299393939393936
500,500,100,200,3,3,3,2,1,1,500,30,0.0005,0.001,0.001,0.2,0.6,0.6,0.1,0.64782855280084,0.650416109443159,0.0987695915831663,0.349583890556841,0.0530864128256513,0.46766,0.53234,-0.00368993939393944,-0.000847515151515151
100,100,10,20,3,3,3,2,1,1,500,30,0.0005,0.001,0.001,0.2,0.6,0.6,0.1,0.927885443409747,0.99419907248932,0.0214163535353535,0.00580092751067951,0.000124959595959596,0.3118,0.6882,0.0123460606060606,-0.000172121212121217
100,100,25,50,3,3,3,2,1,1,500,30,0.0005,0.001,0.001,0.2,0.6,0.6,0.1,-0.237941015242719,0.505586426253233,0.00378282828282828,0.494413573746767,0.00369923232323232,0.5674,0.4326,0.00242121212121215,-0.000108484848484847
100,100,50,100,3,3,3,2,1,1,500,30,0.0005,0.001,0.001,0.2,0.6,0.6,0.1,-0.221740251269068,0.790872591788134,0.0161387777777778,0.209127408211866,0.00426751515151515,0.5073,0.4927,-0.00230666666666663,-0.00202363636363635
100,100,75,150,3,3,3,2,1,1,500,30,0.0005,0.001,0.001,0.2,0.6,0.6,0.1,-0.154536873732581,0.612233159027991,0.016083797979798,0.387766840972008,0.0101869090909091,0.4512,0.5488,0.00211333333333328,-0.0088109090909091
100,100,125,250,3,3,3,2,1,1,500,30,0.0005,0.001,0.001,0.2,0.6,0.6,0.1,0.211361979076908,0.749839605579127,0.0311782929292929,0.250160394420873,0.0104016565656566,0.4451,0.5549,0.0104109090909091,-0.00822787878787879
100,100,150,300,3,3,3,2,1,1,500,30,0.0005,0.001,0.001,0.2,0.6,0.6,0.1,0.323677626888654,0.485337278257992,0.0214475151515152,0.514662721742008,0.0227434343434343,0.5636,0.4364,0.00103515151515153,-0.0172806060606061
100,100,200,400,3,3,3,2,1,1,500,30,0.0005,0.001,0.001,0.2,0.6,0.6,0.1,0.750449975368672,0.599796038226075,0.0455545454545455,0.400203961773925,0.0303955151515152,0.3988,0.6012,0.0140181818181818,-0.00735636363636365
100,100,250,500,3,3,3,2,1,1,500,30,0.0005,0.001,0.001,0.2,0.6,0.6,0.1,0.508750485520202,0.685772159940866,0.049630494949495,0.314227840059133,0.022741202020202,0.4148,0.5852,0.02764,-0.0172684848484848
100,100,300,600,3,3,3,2,1,1,500,30,0.0005,0.001,0.001,0.2,0.6,0.6,0.1,0.315850419531238,0.595295036137882,0.0460425353535354,0.404704963862118,0.0313015252525253,0.4524,0.5476,0.0133533333333333,-0.0104369696969697
100,100,500,1000,3,3,3,2,1,1,500,30,0.0005,0.001,0.001,0.2,0.6,0.6,0.1,0.624460390707095,0.691163167907326,0.118245444444444,0.308836832092674,0.0528363636363636,0.5639,0.4361,0.00648242424242423,-0.00913636363636363
100,100,100,200,3,3,3,2,0.1,1,500,30,0.0005,0.001,0.001,0.2,0.6,0.6,0.1,0.975955277797371,0.523414634146341,0.00246031313131313,0.476585365853659,0.00224019191919192,0.0333999999999999,0.9666,-0.00095515151515158,-0.00265515151515149
100,100,100,200,3,3,3,2,0.15,1,500,30,0.0005,0.001,0.001,0.2,0.6,0.6,0.1,0.869410414649643,0.38546808369606,0.00176221212121212,0.61453191630394,0.00280940404040404,0.0242,0.9758,0.00431939393939394,-0.00246181818181818
100,100,100,200,3,3,3,2,0.25,1,500,30,0.0005,0.001,0.001,0.2,0.6,0.6,0.1,0.877087822844994,0.393537535482572,0.0107815252525253,0.606462464517428,0.0166149090909091,0.1145,0.8855,0.00354848484848487,0.00103030303030303
100,100,100,200,3,3,3,2,0.5,1,500,30,0.0005,0.001,0.001,0.2,0.6,0.6,0.1,0.432739778520285,0.683753376289069,0.0209062222222222,0.316246623710931,0.00966945454545454,0.174,0.826,0.00164121212121212,-0.000243030303030291
100,100,100,200,3,3,3,2,0.75,1,500,30,0.0005,0.001,0.001,0.2,0.6,0.6,0.1,0.253224961228216,0.442180532233133,0.00803276767676767,0.557819467766868,0.010133494949495,0.2794,0.7206,0.00476606060606071,0.000860606060606065
100,100,100,200,3,3,3,2,1.25,1,500,30,0.0005,0.001,0.001,0.2,0.6,0.6,0.1,0.290384589898969,0.470593949190871,0.0207489292929293,0.529406050809129,0.0233420101010101,0.5645,0.4355,0.00740787878787883,0.00291878787878786
100,100,100,200,3,3,3,2,1.5,1,500,30,0.0005,0.001,0.001,0.2,0.6,0.6,0.1,0.360435465684756,0.655282618082406,0.0235916767676768,0.344717381917594,0.0124106161616162,0.6025,0.3975,0.00784545454545451,-0.0000066666666666633
100,100,100,200,3,3,3,2,2,1,500,30,0.0005,0.001,0.001,0.2,0.6,0.6,0.1,0.365692451947844,0.849312722825938,0.0212426666666667,0.150687277174062,0.00376892929292929,0.775,0.225,-0.00117696969696973,0.00122909090909093
100,100,100,200,3,3,3,2,2.5,1,500,30,0.0005,0.001,0.001,0.2,0.6,0.6,0.1,0.724741973247645,0.753197726403904,0.0305888888888889,0.246802273596096,0.0100231414141414,0.8017,0.1983,0.00544727272727271,0.00442
100,100,100,200,3,3,3,2,5,1,500,30,0.0005,0.001,0.001,0.2,0.6,0.6,0.1,0.99140825376451,0.705300800421514,0.0219044343434343,0.294699199578486,0.00915243434343434,1.0284,0.0284,0.000709090909090881,0.00089575757575758
100,100,100,200,3,3,3,2,1,0.1,500,30,0.0005,0.001,0.001,0.2,0.6,0.6,0.1,0.979838908854392,0.728082367800882,0.00672509090909091,0.271917632199117,0.00251162626262626,0.9689,0.0310999999999999,0.00468242424242423,-0.000156969696969708
100,100,100,200,3,3,3,2,1,0.15,500,30,0.0005,0.001,0.001,0.2,0.6,0.6,0.1,0.954661535360389,0.565988779701539,0.00392642424242424,0.434011220298461,0.00301085858585859,1.0047,0.00469999999999993,-0.000595151515151522,-0.00174
100,100,100,200,3,3,3,2,1,0.25,500,30,0.0005,0.001,0.001,0.2,0.6,0.6,0.1,0.808679941263832,0.671040311156995,0.0141159090909091,0.328959688843005,0.0069199494949495,0.918,0.0819999999999999,0.00727939393939395,-0.00523696969696969
100,100,100,200,3,3,3,2,1,0.5,500,30,0.0005,0.001,0.001,0.2,0.6,0.6,0.1,0.0339143632590486,0.533346710237153,0.00902125252525252,0.466653289762847,0.00789317171717172,0.754,0.246,0.00198060606060614,-0.00474787878787877
100,100,100,200,3,3,3,2,1,1,500,30,0.0005,0.001,0.001,0.2,0.6,0.6,0.1,-0.0468582276731274,0.705858575918886,0.0188385454545455,0.294141424081114,0.00785029292929293,0.4639,0.5361,0.00353030303030306,0.000110303030303021
100,100,100,200,3,3,3,2,1,1.25,500,30,0.0005,0.001,0.001,0.2,0.6,0.6,0.1,0.189107815710951,0.673659656980946,0.0228242424242424,0.326340343019054,0.0110567272727273,0.4328,0.5672,0.00355878787878785,-0.0124212121212121
100,100,100,200,3,3,3,2,1,1.5,500,30,0.0005,0.001,0.001,0.2,0.6,0.6,0.1,0.351680455361788,0.590258690637666,0.0215078282828283,0.409741309362334,0.0149301414141414,0.2699,0.7301,0.00796121212121221,-0.00387575757575757
100,100,100,200,3,3,3,2,1,2,500,30,0.0005,0.001,0.001,0.2,0.6,0.6,0.1,0.377654599526519,0.626356782160114,0.0195151515151515,0.373643217839886,0.0116414545454545,0.2164,0.7836,0.00217515151515151,-0.000453939393939405
100,100,100,200,3,3,3,2,1,2.5,500,30,0.0005,0.001,0.001,0.2,0.6,0.6,0.1,0.870769465064237,0.558971290763984,0.0410604444444444,0.441028709236016,0.0323967171717172,0.1791,0.8209,0.002079393939394,-0.00079878787878787
100,100,100,200,3,3,3,2,1,5,500,30,0.0005,0.001,0.001,0.2,0.6,0.6,0.1,0.978278768593813,0.64724992237386,0.0247614545454545,0.35275007762614,0.0134949494949495,0.0255999999999998,0.9744,0.00650363636363629,0.00117878787878788
100,100,100,200,3,3,3,2,1,1,500,41,0.0005,0.001,0.001,0.2,0.6,0.6,0.1,0.312414271597336,0.684536914777229,0.00916415151515151,0.315463085222771,0.00422322222222222,0.4158,0.5842,0.00251393939393938,0.000684848484848499
100,100,100,200,3,3,3,2,1,1,500,39,0.0005,0.001,0.001,0.2,0.6,0.6,0.1,0.0566100975078384,0.638592957942876,0.0231757575757576,0.361407042057124,0.0131161515151515,0.4359,0.5641,0.0124018181818182,-0.000829090909090898
100,100,100,200,3,3,3,2,1,1,500,37,0.0005,0.001,0.001,0.2,0.6,0.6,0.1,0.115412798102028,0.655119830479705,0.0169197070707071,0.344880169520295,0.00890718181818182,0.421,0.579,-0.0101018181818181,-0.00194909090909095
100,100,100,200,3,3,3,2,1,1,500,35,0.0005,0.001,0.001,0.2,0.6,0.6,0.1,-0.302397639116376,0.517094118672403,0.0105477171717172,0.482905881327597,0.00985034343434343,0.5228,0.4772,-0.00158848484848481,-0.00291454545454548
100,100,100,200,3,3,3,2,1,1,500,33,0.0005,0.001,0.001,0.2,0.6,0.6,0.1,0.514745334578907,0.820521702805052,0.0565843535353535,0.179478297194948,0.0123770808080808,0.392,0.608,0.0089854545454545,-0.00240787878787877
100,100,100,200,3,3,3,2,1,1,500,31,0.0005,0.001,0.001,0.2,0.6,0.6,0.1,0.270111710574811,0.822629673653306,0.0337649595959596,0.177370326346694,0.00728019191919192,0.4206,0.5794,0.0159448484848484,-0.000729090909090866
100,100,100,200,3,3,3,2,1,1,500,29,0.0005,0.001,0.001,0.2,0.6,0.6,0.1,-0.535028316290402,0.640170668772898,0.00969337373737374,0.359829331227102,0.00544848484848485,0.4966,0.5034,0.00643818181818179,-0.00939818181818183
100,100,100,200,3,3,3,2,1,1,500,27,0.0005,0.001,0.001,0.2,0.6,0.6,0.1,0.102558128470941,0.889228385713726,0.0460559494949495,0.110771614286274,0.00573721212121212,0.4627,0.5373,0.00324121212121203,-0.00187272727272725
100,100,100,200,3,3,3,2,1,1,500,25,0.0005,0.001,0.001,0.2,0.6,0.6,0.1,0.223439224497377,0.641506561656287,0.0361808080808081,0.358493438343713,0.0202189393939394,0.4335,0.5665,0.00683575757575767,-0.00149696969696964
100,100,100,200,3,3,3,2,1,1,500,23,0.0005,0.001,0.001,0.2,0.6,0.6,0.1,0.792647295435983,0.586909361285353,0.0388296565656566,0.413090638714647,0.0273298888888889,0.3079,0.6921,0.00829212121212128,0.00244000000000004
100,100,100,200,3,3,3,2,1,1,500,30,0.00001,0.001,0.001,0.2,0.6,0.6,0.1,1,0,0,1,0.0000106666666666666,1.3288,0.3288,-0.0000157575757575952,-0.000293939393939391
100,100,100,200,3,3,3,2,1,1,500,30,0.000025,0.001,0.001,0.2,0.6,0.6,0.1,-0.95988356008544,0.919254608709562,0.001161,0.0807453912904384,0.000101979797979798,0.5033,0.4967,0.000546666666666676,0.000316969696969698
100,100,100,200,3,3,3,2,1,1,500,30,0.00005,0.001,0.001,0.2,0.6,0.6,0.1,-0.880175688227599,0.735374146669539,0.00168980808080808,0.264625853330461,0.000608080808080808,0.4693,0.5307,0.00253878787878788,0.00117333333333333
100,100,100,200,3,3,3,2,1,1,500,30,0.000075,0.001,0.001,0.2,0.6,0.6,0.1,0.295628272573908,0.965576133969169,0.0101137272727273,0.0344238660308306,0.000360565656565657,0.3773,0.6227,0.00649575757575762,-0.000696363636363635
100,100,100,200,3,3,3,2,1,1,500,30,0.0001,0.001,0.001,0.2,0.6,0.6,0.1,-0.863255883740354,0.663358891686509,0.00176439393939394,0.336641108313491,0.00089539393939394,0.4721,0.5279,0.00115212121212122,0.0000400000000000054
100,100,100,200,3,3,3,2,1,1,500,30,0.00025,0.001,0.001,0.2,0.6,0.6,0.1,-0.514249474991923,0.56247321091948,0.00792665656565656,0.43752678908052,0.00616584848484848,0.5278,0.4722,0.00709454545454543,-0.00360181818181818
100,100,100,200,3,3,3,2,1,1,500,30,0.00075,0.001,0.001,0.2,0.6,0.6,0.1,0.479156221410375,0.780669803822195,0.0412012525252525,0.219330196177805,0.0115755454545455,0.4213,0.5787,0.00174424242424242,0.00258848484848487
100,100,100,200,3,3,3,2,1,1,500,30,0.001,0.001,0.001,0.2,0.6,0.6,0.1,0.421032307475454,0.673424706231595,0.0591650404040404,0.326575293768405,0.0286919090909091,0.5382,0.4618,0.00399090909090912,-0.0197145454545454
100,100,100,200,3,3,3,2,1,1,500,30,0.0015,0.001,0.001,0.2,0.6,0.6,0.1,0.449392499134203,0.617066636573997,0.0526930404040404,0.382933363426003,0.0326997474747475,0.5492,0.4508,0.00621272727272727,-0.0191606060606061
100,100,100,200,3,3,3,2,1,1,500,30,0.002,0.001,0.001,0.2,0.6,0.6,0.1,0.590275949012684,0.668830239836713,0.0892028686868687,0.331169760163287,0.044168595959596,0.4993,0.5007,0.0165727272727274,-0.0196854545454546
100,100,100,200,3,3,3,2,1,1,500,30,0.0005,0.0001,0.001,0.2,0.6,0.6,0.1,0.0150600717589926,0.520936746284914,0.0162317575757576,0.479063253715086,0.0149270303030303,0.4448,0.5552,0.011718787878788,-0.00823636363636366
100,100,100,200,3,3,3,2,1,1,500,30,0.0005,0.0005,0.001,0.2,0.6,0.6,0.1,0.178922702021802,0.683388784942052,0.0192288484848485,0.316611215057948,0.00890864646464647,0.4574,0.5426,-0.00460181818181817,-0.00219090909090905
100,100,100,200,3,3,3,2,1,1,500,30,0.0005,0.0015,0.001,0.2,0.6,0.6,0.1,0.16403257095578,0.72851897671322,0.0296224646464646,0.27148102328678,0.0110387474747475,0.5118,0.4882,0.00230909090909089,-0.00354242424242424
100,100,100,200,3,3,3,2,1,1,500,30,0.0005,0.0025,0.001,0.2,0.6,0.6,0.1,0.601479162590626,0.376546595526023,0.0163658484848485,0.623453404473978,0.0270971616161616,0.6068,0.3932,0.000452727272727301,-0.0181872727272728
100,100,100,200,3,3,3,2,1,1,500,30,0.0005,0.005,0.001,0.2,0.6,0.6,0.1,0.738114818320982,0.672468303551648,0.0268279191919192,0.327531696448352,0.0130667777777778,0.6289,0.3711,-0.0024709090909091,-0.00366181818181819
100,100,100,200,3,3,3,2,1,1,500,30,0.0005,0.0075,0.001,0.2,0.6,0.6,0.1,0.05954082501848,0.790163904975983,0.0319886363636364,0.209836095024017,0.00849490909090909,0.4363,0.5637,0.01756,-0.00631454545454547
100,100,100,200,3,3,3,2,1,1,500,30,0.0005,0.01,0.001,0.2,0.6,0.6,0.1,0.242196245169984,0.548737992783643,0.0259230202020202,0.451262007216357,0.0213181414141414,0.5363,0.4637,0.00558181818181818,-0.00329454545454545
100,100,100,200,3,3,3,2,1,1,500,30,0.0005,0.015,0.001,0.2,0.6,0.6,0.1,0.00697274433826758,0.793314475526237,0.0356262626262626,0.206685524473763,0.00928185858585858,0.5436,0.4564,-0.00561878787878792,0.00248545454545455
100,100,100,200,3,3,3,2,1,1,500,30,0.0005,0.02,0.001,0.2,0.6,0.6,0.1,0.848108271019992,0.703221806577499,0.0186752626262626,0.296778193422502,0.00788145454545455,0.6749,0.3251,-0.00335878787878788,-0.0047406060606061
100,100,100,200,3,3,3,2,1,1,500,30,0.0005,0.05,0.001,0.2,0.6,0.6,0.1,0.0346110169268832,0.725769315465208,0.031926101010101,0.274230684534792,0.0120632222222222,0.5367,0.4633,0.00454545454545455,-0.00298727272727271
100,100,100,200,3,3,3,2,1,1,500,30,0.0005,0.001,0.0001,0.2,0.6,0.6,0.1,0.0775578810188034,0.81130891478289,0.0356262626262626,0.18869108521711,0.00828581818181818,0.4572,0.5428,-0.00110060606060615,0.000690303030302977
100,100,100,200,3,3,3,2,1,1,500,30,0.0005,0.001,0.0005,0.2,0.6,0.6,0.1,-0.25427921701685,0.625845895761072,0.0134305454545455,0.374154104238928,0.00802928282828283,0.4477,0.5523,0.0101824242424243,-0.00392303030303031
100,100,100,200,3,3,3,2,1,1,500,30,0.0005,0.001,0.0015,0.2,0.6,0.6,0.1,0.287054008255398,0.779594068671794,0.0252013232323232,0.220405931328206,0.00712488888888889,0.4193,0.5807,0.000147878787878763,-0.00141515151515149
100,100,100,200,3,3,3,2,1,1,500,30,0.0005,0.001,0.0025,0.2,0.6,0.6,0.1,0.194347730325718,0.578494015561832,0.0267614545454546,0.421505984438168,0.019499101010101,0.5037,0.4963,-0.0010151515151515,-0.00815212121212121
100,100,100,200,3,3,3,2,1,1,500,30,0.0005,0.001,0.005,0.2,0.6,0.6,0.1,0.239343874085214,0.587567934782609,0.0174727272727273,0.412432065217391,0.0122646464646465,0.434,0.566,-0.00217393939393947,-0.00110484848484848
100,100,100,200,3,3,3,2,1,1,500,30,0.0005,0.001,0.0075,0.2,0.6,0.6,0.1,0.519667812479014,0.467166932446754,0.0339677878787879,0.532833067553246,0.0387423838383838,0.4085,0.5915,-0.00388848484848475,-0.0115424242424242
100,100,100,200,3,3,3,2,1,1,500,30,0.0005,0.001,0.01,0.2,0.6,0.6,0.1,0.786250781350565,0.597729504155855,0.0218611717171717,0.402270495844145,0.0147125151515152,0.3469,0.6531,-0.000167878787878792,0.00695575757575757
100,100,100,200,3,3,3,2,1,1,500,30,0.0005,0.001,0.015,0.2,0.6,0.6,0.1,0.552876538082781,0.569695329899332,0.0247350606060606,0.430304670100668,0.0186829898989899,0.3899,0.6101,-0.00379030303030302,0.00151030303030303
100,100,100,200,3,3,3,2,1,1,500,30,0.0005,0.001,0.02,0.2,0.6,0.6,0.1,0.0112494628441885,0.574913986723721,0.0321052121212121,0.425086013276279,0.0237382929292929,0.4669,0.5331,-0.00438181818181822,0.0000818181818181822
100,100,100,200,3,3,3,2,1,1,500,30,0.0005,0.001,0.05,0.2,0.6,0.6,0.1,0.76109699807809,0.556590709998966,0.0165325656565657,0.443409290001034,0.0131707070707071,0.3304,0.6696,0.00101090909090908,-0.000344242424242438
100,100,100,200,3,3,3,2,1,1,500,30,0.0005,0.001,0.001,0.01,0.6,0.6,0.1,0.330719951900271,0.861480271325241,0.0265308686868687,0.138519728674759,0.0042659696969697,0.4275,0.5725,-0.00312969696969698,-0.00311212121212122
100,100,100,200,3,3,3,2,1,1,500,30,0.0005,0.001,0.001,0.025,0.6,0.6,0.1,0.111700006510524,0.718140526690954,0.0227852424242424,0.281859473309046,0.00894286868686869,0.4335,0.5665,0.00226848484848478,-0.00719272727272724
100,100,100,200,3,3,3,2,1,1,500,30,0.0005,0.001,0.001,0.05,0.6,0.6,0.1,-0.188717922485043,0.508354878616898,0.0182422121212121,0.491645121383102,0.0176425858585859,0.5183,0.4817,0.00299818181818178,-0.00628969696969696
100,100,100,200,3,3,3,2,1,1,500,30,0.0005,0.001,0.001,0.075,0.6,0.6,0.1,0.231788913337766,0.534510753137246,0.0179694848484849,0.465489246862754,0.0156490808080808,0.4332,0.5668,0.0132284848484849,0.00364666666666667
100,100,100,200,3,3,3,2,1,1,500,30,0.0005,0.001,0.001,0.1,0.6,0.6,0.1,-0.0177322785068564,0.748174707994552,0.0292970101010101,0.251825292005448,0.0098609696969697,0.4872,0.5128,-0.00666303030303032,-0.00377030303030306
100,100,100,200,3,3,3,2,1,1,500,30,0.0005,0.001,0.001,0.125,0.6,0.6,0.1,0.300034987522222,0.798513024856648,0.0240675858585858,0.201486975143352,0.0060729191919192,0.4456,0.5544,0.0104127272727273,-0.0012448484848485
100,100,100,200,3,3,3,2,1,1,500,30,0.0005,0.001,0.001,0.15,0.6,0.6,0.1,0.170343946010123,0.590558455552788,0.0223925151515152,0.409441544447212,0.0155250101010101,0.4611,0.5389,0.00270727272727279,-0.0120133333333333
100,100,100,200,3,3,3,2,1,1,500,30,0.0005,0.001,0.001,0.175,0.6,0.6,0.1,0.614082042701917,0.698103668835826,0.024088595959596,0.301896331164174,0.0104171616161616,0.3922,0.6078,0.00968363636363638,-0.00409636363636361
100,100,100,200,3,3,3,2,1,1,500,30,0.0005,0.001,0.001,0.25,0.6,0.6,0.1,-0.0335513756338346,0.602417677355042,0.0183128888888889,0.397582322644958,0.012086101010101,0.5242,0.4758,0.0079084848484849,-0.00631999999999996
100,100,100,200,3,3,3,2,1,1,500,30,0.0005,0.001,0.001,0.5,0.6,0.6,0.1,-0.0822311823055186,0.78915564755577,0.0215339292929293,0.210844352444231,0.00575337373737373,0.4575,0.5425,0.0111248484848485,-0.00802424242424243
100,100,100,200,3,3,3,2,1,1,500,30,0.0005,0.001,0.001,0.2,0,0.6,0.1,-0.412362885560101,0.742943652422982,0.0378119595959596,0.257056347577018,0.0130828282828283,0.8204,0.1796,-0.010909090909091,0.0143703030303031
100,100,100,200,3,3,3,2,1,1,500,30,0.0005,0.001,0.001,0.2,0.1,0.6,0.1,-0.289388720052517,0.769441563484613,0.0284613636363636,0.230558436515388,0.00852827272727272,0.8466,0.1534,-0.00615454545454544,0.00727454545454549
100,100,100,200,3,3,3,2,1,1,500,30,0.0005,0.001,0.001,0.2,0.2,0.6,0.1,0.263334281508848,0.481460296716036,0.0216724343434343,0.518539703283964,0.0233415252525253,0.736,0.264,0.00135515151515152,0.0040315151515151
100,100,100,200,3,3,3,2,1,1,500,30,0.0005,0.001,0.001,0.2,0.3,0.6,0.1,0.592618552226786,0.766350754355011,0.0264252525252525,0.233649245644989,0.00805667676767676,0.6313,0.3687,-0.00530484848484847,0.00564727272727273
100,100,100,200,3,3,3,2,1,1,500,30,0.0005,0.001,0.001,0.2,0.4,0.6,0.1,1,0.787633283104607,0.023600595959596,0.212366716895393,0.00636334343434343,0.6002,0.3998,0.0010975757575757,0.00039090909090908
100,100,100,200,3,3,3,2,1,1,500,30,0.0005,0.001,0.001,0.2,0.5,0.6,0.1,0.737536354410776,0.701298315562349,0.0221803939393939,0.298701684437651,0.00944722222222222,0.5974,0.4026,-0.00753636363636363,-0.00201575757575758
100,100,100,200,3,3,3,2,1,1,500,30,0.0005,0.001,0.001,0.2,0.6,0.6,0.1,0.204643269714679,0.807127034756106,0.0226387474747475,0.192872965243894,0.00540980808080808,0.4131,0.5869,-0.000701212121212129,-0.000330303030302974
100,100,100,200,3,3,3,2,1,1,500,30,0.0005,0.001,0.001,0.2,0.7,0.6,0.1,-0.238240784925327,0.724525733928886,0.0382532828282829,0.275474266071114,0.014544404040404,0.3617,0.6383,0.00666303030303017,-0.0062672727272727
100,100,100,200,3,3,3,2,1,1,500,30,0.0005,0.001,0.001,0.2,0.8,0.6,0.1,-0.198308346735916,0.834823901302776,0.0227601919191919,0.165176098697224,0.00450327272727273,0.2555,0.7445,0.00613575757575765,-0.00601878787878786
100,100,100,200,3,3,3,2,1,1,500,30,0.0005,0.001,0.001,0.2,0.9,0.6,0.1,-0.558379791933761,0.666265547433289,0.0220853636363637,0.333734452566711,0.0110626262626263,0.2977,0.7023,0.0127157575757575,-0.0210212121212121
100,100,100,200,3,3,3,2,1,1,500,30,0.0005,0.001,0.001,0.2,0.6,0,0.1,-0.122644575911853,0.671977102521954,0.0220169292929293,0.328022897478046,0.0107474747474747,0.3362,0.6638,-0.0104490909090909,0.000110303030303123
100,100,100,200,3,3,3,2,1,1,500,30,0.0005,0.001,0.001,0.2,0.6,0.1,0.1,-0.340680102181912,0.755189963878999,0.0164808080808081,0.244810036121001,0.00534258585858586,0.3462,0.6538,-0.0110975757575758,0.0105751515151515
100,100,100,200,3,3,3,2,1,1,500,30,0.0005,0.001,0.001,0.2,0.6,0.2,0.1,0.204278931481658,0.687667490798504,0.0235715050505051,0.312332509201496,0.0107059696969697,0.2942,0.7058,0.00139212121212121,0.00716787878787885
100,100,100,200,3,3,3,2,1,1,500,30,0.0005,0.001,0.001,0.2,0.6,0.3,0.1,0.766409617434947,0.649051135819927,0.0341873131313131,0.350948864180073,0.0184854444444444,0.4105,0.5895,-0.0021151515151515,-0.000118181818181779
100,100,100,200,3,3,3,2,1,1,500,30,0.0005,0.001,0.001,0.2,0.6,0.4,0.1,1,0.915139336777637,0.0504644343434343,0.0848606632223627,0.00467955555555555,0.3921,0.6079,-0.00605454545454539,0.00155878787878786
100,100,100,200,3,3,3,2,1,1,500,30,0.0005,0.001,0.001,0.2,0.6,0.5,0.1,0.574049884855613,0.620570003422479,0.0200919191919192,0.379429996577521,0.0122846363636364,0.4991,0.5009,-0.00406666666666668,-0.00463151515151515
100,100,100,200,3,3,3,2,1,1,500,30,0.0005,0.001,0.001,0.2,0.6,0.6,0.1,0.516723990272116,0.788916544411534,0.0343727272727273,0.211083455588466,0.00919680808080808,0.3796,0.6204,0.00647757575757574,-0.0051157575757576
100,100,100,200,3,3,3,2,1,1,500,30,0.0005,0.001,0.001,0.2,0.6,0.7,0.1,-0.154939664512058,0.878651104009351,0.0333788282828283,0.121348895990649,0.00460988888888889,0.4975,0.5025,0.000433939393939509,-0.00483696969696977
100,100,100,200,3,3,3,2,1,1,500,30,0.0005,0.001,0.001,0.2,0.6,0.8,0.1,-0.164847359130871,0.849532339730138,0.0480470606060606,0.150467660269862,0.0085100101010101,0.4526,0.5474,0.00853090909090897,-0.00587090909090911
100,100,100,200,3,3,3,2,1,1,500,30,0.0005,0.001,0.001,0.2,0.6,0.9,0.1,-0.539656357391912,0.879554367772038,0.0410757575757576,0.120445632227962,0.0056248888888889,0.4994,0.5006,0.00690848484848492,-0.0110781818181818
100,100,100,200,3,3,3,2,1,1,500,30,0.0005,0.001,0.001,0.2,0.6,0.6,0.1,0.165926256243818,0.659165921219038,0.0176999898989899,0.340834078780962,0.00915211111111111,0.4378,0.5622,0.0120242424242424,-0.00269696969696967
10,10,100,200,3,3,3,3,1,1,500,30,0.0005,0.001,0.001,0.2,0.6,0.6,0.1,1,0.238347107438016,0.00080111111111111,0.761652892561984,0.00256,0.0509999999999997,0.0509999999999997,0.0032484848484849,-0.00904242424242424
25,25,100,200,3,3,3,3,1,1,500,30,0.0005,0.001,0.001,0.2,0.6,0.6,0.1,1,0.713173346949196,0.00186233333333333,0.286826653050804,0.000748999999999999,0.0331999999999999,0.0331999999999999,-0.00412848484848488,-0.00153454545454547
50,50,100,200,3,3,3,3,1,1,500,30,0.0005,0.001,0.001,0.2,0.6,0.6,0.1,1,0.444755928742845,0.00679285714285714,0.555244071257155,0.00848036734693877,0.00479999999999992,0.00479999999999992,0.00136121212121212,-0.00178909090909094
75,75,100,200,3,3,3,3,1,1,500,30,0.0005,0.001,0.001,0.2,0.6,0.6,0.1,1,0.537702653749928,0.00914673873873874,0.462297346250071,0.00786403603603603,0.0393333333333334,0.0393333333333334,0.000108282828282852,0.00517898989898988
125,125,100,200,3,3,3,3,1,1,500,30,0.0005,0.001,0.001,0.2,0.6,0.6,0.1,1,0.576830033178957,0.0239829032258064,0.423169966821042,0.0175941677419355,0.0725600000000002,0.0725600000000002,0.00505551515151511,-0.00111175757575758
150,150,100,200,3,3,3,3,1,1,500,30,0.0005,0.001,0.001,0.2,0.6,0.6,0.1,1,0.607007740332863,0.022800451901566,0.392992259667137,0.0147615928411633,0.0089999999999999,0.0089999999999999,-0.00398505050505048,-0.00185171717171718
200,200,100,200,3,3,3,3,1,1,500,30,0.0005,0.001,0.001,0.2,0.6,0.6,0.1,1,0.501648236897619,0.0288903492462312,0.498351763102381,0.0287005025125628,0.00305,0.00305,-0.00755363636363636,0.00445727272727272
250,250,100,200,3,3,3,3,1,1,500,30,0.0005,0.001,0.001,0.2,0.6,0.6,0.1,1,0.671908250208768,0.0417325301204819,0.328091749791232,0.0203779293172691,0.000680000000000014,0.000680000000000014,0.00830715151515151,-0.00272727272727271
300,300,100,200,3,3,3,3,1,1,500,30,0.0005,0.001,0.001,0.2,0.6,0.6,0.1,1,0.578880460728203,0.0488773199554069,0.421119539271797,0.0355568996655518,0.0393666666666665,0.0393666666666665,0.00705616161616165,-0.00111454545454546
500,500,100,200,3,3,3,3,1,1,500,30,0.0005,0.001,0.001,0.2,0.6,0.6,0.1,1,0.580353940261168,0.0676781947895792,0.419646059738832,0.0489371843687375,0.00374000000000008,0.00374000000000008,0.00257563636363643,-0.0104305454545455
100,100,10,20,3,3,3,3,1,1,500,30,0.0005,0.001,0.001,0.2,0.6,0.6,0.1,1,0.740585009140767,0.00102297979797979,0.259414990859233,0.000358333333333334,0.0960000000000001,0.0960000000000001,0.0014957575757576,-0.000506060606060604
100,100,25,50,3,3,3,3,1,1,500,30,0.0005,0.001,0.001,0.2,0.6,0.6,0.1,1,0.659457916198586,0.00536622222222222,0.340542083801414,0.00277110101010101,0.00809999999999977,0.00809999999999977,0.00228060606060604,-0.000826666666666692
100,100,50,100,3,3,3,3,1,1,500,30,0.0005,0.001,0.001,0.2,0.6,0.6,0.1,1,0.701263445517111,0.0143929292929293,0.298736554482889,0.00613135353535353,0.0284,0.0284,-0.00195212121212124,-0.00116303030303031
100,100,75,150,3,3,3,3,1,1,500,30,0.0005,0.001,0.001,0.2,0.6,0.6,0.1,1,0.757527131552261,0.0233989494949495,0.242472868447739,0.00748964646464647,0.0552999999999999,0.0552999999999999,0.00433636363636364,-0.00211757575757576
100,100,125,250,3,3,3,3,1,1,500,30,0.0005,0.001,0.001,0.2,0.6,0.6,0.1,1,0.673156091615502,0.0175787777777778,0.326843908384498,0.00853519191919192,0.0695000000000001,0.0695000000000001,-0.00237878787878789,0.0034860606060606
100,100,150,300,3,3,3,3,1,1,500,30,0.0005,0.001,0.001,0.2,0.6,0.6,0.1,1,0.708174552838387,0.0457684343434343,0.291825447161613,0.0188603131313131,0.00980000000000025,0.00980000000000025,-0.00065151515151517,0.000337575757575754
100,100,200,400,3,3,3,3,1,1,500,30,0.0005,0.001,0.001,0.2,0.6,0.6,0.1,1,0.68884374668142,0.0406232727272727,0.31115625331858,0.0183498585858586,0.0106000000000002,0.0106000000000002,0.00483333333333332,0.0147618181818182
100,100,250,500,3,3,3,3,1,1,500,30,0.0005,0.001,0.001,0.2,0.6,0.6,0.1,1,0.581021509603245,0.0380708181818182,0.418978490396755,0.0274531212121212,0.0903999999999998,0.0903999999999998,-0.00221090909090909,-0.00658848484848488
100,100,300,600,3,3,3,3,1,1,500,30,0.0005,0.001,0.001,0.2,0.6,0.6,0.1,1,0.500342357652861,0.0453274343434343,0.499657642347138,0.045265404040404,0.0352999999999999,0.0352999999999999,-0.00461515151515144,-0.00377939393939394
100,100,500,1000,3,3,3,3,1,1,500,30,0.0005,0.001,0.001,0.2,0.6,0.6,0.1,1,0.625522448725297,0.0992858484848485,0.374477551274703,0.0594388282828283,0.1215,0.1215,0.0347345454545454,-0.00790484848484849
100,100,100,200,3,3,3,3,0.1,1,500,30,0.0005,0.001,0.001,0.2,0.6,0.6,0.1,0.999987516292993,0.521232524724958,0.0020080404040404,0.478767475275042,0.00184444444444444,0.00180000000000025,0.00180000000000025,-0.00228606060606062,0.00188606060606061
100,100,100,200,3,3,3,3,0.15,1,500,30,0.0005,0.001,0.001,0.2,0.6,0.6,0.1,0.999977994706949,0.422188157113276,0.00265675757575758,0.577811842886723,0.00363607070707071,0.00819999999999999,0.00819999999999999,0.00210727272727276,-0.000337575757575779
100,100,100,200,3,3,3,3,0.25,1,500,30,0.0005,0.001,0.001,0.2,0.6,0.6,0.1,0.999989505637212,0.431683659763277,0.00490192929292929,0.568316340236723,0.00645344444444444,0.0255999999999998,0.0255999999999998,-0.00117757575757577,0.00155878787878785
100,100,100,200,3,3,3,3,0.5,1,500,30,0.0005,0.001,0.001,0.2,0.6,0.6,0.1,0.999994449719727,0.729670382548721,0.0137852424242424,0.270329617451279,0.00510718181818181,0.0297999999999998,0.0297999999999998,-0.00125999999999999,-0.00162969696969694
100,100,100,200,3,3,3,3,0.75,1,500,30,0.0005,0.001,0.001,0.2,0.6,0.6,0.1,0.999999276061723,0.560427785534635,0.0107563131313131,0.439572214465365,0.00843672727272727,0.0276999999999998,0.0276999999999998,-0.00840545454545452,-0.00554969696969697
100,100,100,200,3,3,3,3,1.25,1,500,30,0.0005,0.001,0.001,0.2,0.6,0.6,0.1,0.999999433333243,0.567842337152636,0.0187738484848485,0.432157662847365,0.0142878787878788,0.0297000000000001,0.0297000000000001,-0.00295575757575762,0.00585515151515152
100,100,100,200,3,3,3,3,1.5,1,500,30,0.0005,0.001,0.001,0.2,0.6,0.6,0.1,0.99999967302421,0.652852086093027,0.014700797979798,0.347147913906973,0.0078170101010101,0.0592999999999999,0.0592999999999999,-0.000597575757575733,-0.00354242424242421
100,100,100,200,3,3,3,3,2,1,500,30,0.0005,0.001,0.001,0.2,0.6,0.6,0.1,0.999999726776945,0.604270629128299,0.00981085858585859,0.395729370871701,0.0064250101010101,0.0712999999999999,0.0712999999999999,0.00369575757575759,-0.00347696969696967
100,100,100,200,3,3,3,3,2.5,1,500,30,0.0005,0.001,0.001,0.2,0.6,0.6,0.1,0.999999279406872,0.675306781640216,0.0208775252525253,0.324693218359784,0.0100380909090909,0.0287999999999999,0.0287999999999999,0.00745818181818182,0.000627272727272722
100,100,100,200,3,3,3,3,5,1,500,30,0.0005,0.001,0.001,0.2,0.6,0.6,0.1,0.999999831190467,0.885454636048553,0.0301563131313131,0.114545363951447,0.00390112121212121,0.0127999999999999,0.0127999999999999,0.0000109090909090718,0.00294545454545453
100,100,100,200,3,3,3,3,1,0.1,500,30,0.0005,0.001,0.001,0.2,0.6,0.6,0.1,0.999996785591386,0.524492434345333,0.00233990909090909,0.475507565654667,0.00212137373737374,0.00349999999999984,0.00349999999999984,0.00122060606060596,-0.000471515151515156
100,100,100,200,3,3,3,3,1,0.15,500,30,0.0005,0.001,0.001,0.2,0.6,0.6,0.1,0.999996778310832,0.609559486612623,0.00514125252525253,0.390440513387377,0.00329312121212121,0.0286999999999997,0.0286999999999997,-0.000899393939393941,-0.00110606060606062
100,100,100,200,3,3,3,3,1,0.25,500,30,0.0005,0.001,0.001,0.2,0.6,0.6,0.1,0.999908117954295,0.637771580646811,0.0148676666666667,0.362228419353189,0.00844423232323232,0.0112000000000001,0.0112000000000001,-0.000112727272727283,-0.00285878787878787
100,100,100,200,3,3,3,3,1,0.5,500,30,0.0005,0.001,0.001,0.2,0.6,0.6,0.1,0.999991713491278,0.639272797363926,0.0109212525252525,0.360727202636074,0.00616261616161616,0.0236999999999998,0.0236999999999998,0.0037515151515151,0.0000642424242424035
100,100,100,200,3,3,3,3,1,1,500,30,0.0005,0.001,0.001,0.2,0.6,0.6,0.1,1,0.500069664620268,0.0127613232323232,0.499930335379732,0.0127577676767677,0.0367999999999999,0.0367999999999999,-0.000259393939393958,-0.00239939393939394
100,100,100,200,3,3,3,3,1,1.25,500,30,0.0005,0.001,0.001,0.2,0.6,0.6,0.1,0.999999560065794,0.540995293925064,0.0147551111111111,0.459004706074937,0.012518898989899,0.0185,0.0185,0.00168848484848481,-0.00315515151515151
100,100,100,200,3,3,3,3,1,1.5,500,30,0.0005,0.001,0.001,0.2,0.6,0.6,0.1,0.999998436387041,0.640768758487698,0.0173626262626263,0.359231241512302,0.00973392929292929,0.0301,0.0301,-0.00611515151515151,0.00222424242424243
100,100,100,200,3,3,3,3,1,2,500,30,0.0005,0.001,0.001,0.2,0.6,0.6,0.1,0.999999118507413,0.563294079331234,0.0222922323232323,0.436705920668766,0.0172825353535354,0.0213999999999999,0.0213999999999999,-0.00131454545454541,0.00642363636363638
100,100,100,200,3,3,3,3,1,2.5,500,30,0.0005,0.001,0.001,0.2,0.6,0.6,0.1,0.999997714277116,0.758960414537951,0.021480595959596,0.241039585462049,0.00682206060606061,0.0207000000000002,0.0207000000000002,0.00870969696969691,-0.00546484848484848
100,100,100,200,3,3,3,3,1,5,500,30,0.0005,0.001,0.001,0.2,0.6,0.6,0.1,0.999999845264134,0.634006542751153,0.0255136464646465,0.365993457248847,0.0147282828282828,0.0526999999999997,0.0526999999999997,-0.00728060606060609,-0.0016739393939394
100,100,100,200,3,3,3,3,1,1,500,41,0.0005,0.001,0.001,0.2,0.6,0.6,0.1,1,0.846796732868063,0.0142034242424242,0.153203267131937,0.00256969696969697,0.00890000000000013,0.00890000000000013,-0.00052121212121207,-0.00198303030303027
100,100,100,200,3,3,3,3,1,1,500,39,0.0005,0.001,0.001,0.2,0.6,0.6,0.1,1,0.72490993887069,0.0143501414141414,0.27509006112931,0.00544561616161616,0.0177999999999998,0.0177999999999998,0.00358363636363636,-0.000215151515151532
100,100,100,200,3,3,3,3,1,1,500,37,0.0005,0.001,0.001,0.2,0.6,0.6,0.1,1,0.508986020011567,0.00921862626262627,0.491013979988433,0.00889312121212122,0.0474999999999999,0.0474999999999999,0.00441454545454545,-0.00250787878787879
100,100,100,200,3,3,3,3,1,1,500,35,0.0005,0.001,0.001,0.2,0.6,0.6,0.1,1,0.775005448997384,0.022986505050505,0.224994551002616,0.00667329292929293,0.0331999999999999,0.0331999999999999,0.00510545454545454,0.00339939393939392
100,100,100,200,3,3,3,3,1,1,500,33,0.0005,0.001,0.001,0.2,0.6,0.6,0.1,1,0.51417114428578,0.0158492424242424,0.48582885571422,0.014975595959596,0.0508999999999999,0.0508999999999999,0.00368909090909097,-0.000181212121212116
100,100,100,200,3,3,3,3,1,1,500,31,0.0005,0.001,0.001,0.2,0.6,0.6,0.1,1,0.762663966023473,0.0229419797979798,0.237336033976527,0.00713939393939394,0.000799999999999912,0.000799999999999912,-0.00960969696969696,-0.00172
100,100,100,200,3,3,3,3,1,1,500,29,0.0005,0.001,0.001,0.2,0.6,0.6,0.1,1,0.608863691846731,0.017508797979798,0.391136308153269,0.0112477171717172,0.0148999999999999,0.0148999999999999,0.00163818181818183,-0.00284787878787878
100,100,100,200,3,3,3,3,1,1,500,27,0.0005,0.001,0.001,0.2,0.6,0.6,0.1,1,0.801523676692385,0.0246125656565657,0.198476323307615,0.00609465656565657,0.0543,0.0543,-0.000441212121212209,-0.00320909090909092
100,100,100,200,3,3,3,3,1,1,500,25,0.0005,0.001,0.001,0.2,0.6,0.6,0.1,1,0.752640713614899,0.0206181818181818,0.247359286385101,0.00677627272727273,0.0632999999999999,0.0632999999999999,-0.00111151515151519,-0.00355030303030304
100,100,100,200,3,3,3,3,1,1,500,23,0.0005,0.001,0.001,0.2,0.6,0.6,0.1,1,0.649860972348343,0.0151443535353535,0.350139027651657,0.00815963636363636,0.0110999999999999,0.0110999999999999,-0.0000345454545454562,0.000148484848484865
100,100,100,200,3,3,3,3,1,1,500,30,0.00001,0.001,0.001,0.2,0.6,0.6,0.1,1,0.941176470588235,0.0000159999999999999,0.058823529411765,0.000001,1.6195,1.6195,0.0026078787878788,-0.0000400000000000023
100,100,100,200,3,3,3,3,1,1,500,30,0.000025,0.001,0.001,0.2,0.6,0.6,0.1,1,0.0241007264299763,0.0000249999999999998,0.975899273570024,0.00101231313131313,0.0795999999999997,0.0795999999999997,-0.0000696969696969749,-0.000956969696969719
100,100,100,200,3,3,3,3,1,1,500,30,0.00005,0.001,0.001,0.2,0.6,0.6,0.1,1,0.298832190911396,0.000118898989898988,0.701167809088604,0.000278979797979798,0.0263999999999998,0.0263999999999998,-0.000584848484848466,0.000164848484848477
100,100,100,200,3,3,3,3,1,1,500,30,0.000075,0.001,0.001,0.2,0.6,0.6,0.1,1,0.549437930199578,0.000802262626262626,0.450562069800422,0.000657888888888889,0.0237000000000003,0.0237000000000003,-0.000863030303030341,-0.000297575757575745
100,100,100,200,3,3,3,3,1,1,500,30,0.0001,0.001,0.001,0.2,0.6,0.6,0.1,1,0.640349497768955,0.00197433333333334,0.359650502231045,0.00110887878787879,0.00099999999999989,0.00099999999999989,0.000421818181818231,0.000593333333333315
100,100,100,200,3,3,3,3,1,1,500,30,0.00025,0.001,0.001,0.2,0.6,0.6,0.1,1,0.819262868570028,0.0191846868686869,0.180737131429972,0.00423232323232323,0.0493999999999999,0.0493999999999999,-0.00360787878787878,-0.000736969696969704
100,100,100,200,3,3,3,3,1,1,500,30,0.00075,0.001,0.001,0.2,0.6,0.6,0.1,1,0.509221891262109,0.0220518282828283,0.490778108737891,0.0212531212121212,0.0558000000000001,0.0558000000000001,-0.00402303030303031,-0.00171636363636361
100,100,100,200,3,3,3,3,1,1,500,30,0.001,0.001,0.001,0.2,0.6,0.6,0.1,1,0.718703228166067,0.0432512626262626,0.281296771833933,0.0169283232323232,0.0160999999999998,0.0160999999999998,-0.0081721212121212,0.0052109090909091
100,100,100,200,3,3,3,3,1,1,500,30,0.0015,0.001,0.001,0.2,0.6,0.6,0.1,1,0.845007158307719,0.0588618585858586,0.154992841692281,0.0107965555555556,0.0697000000000001,0.0697000000000001,-0.00655575757575761,0.00965636363636366
100,100,100,200,3,3,3,3,1,1,500,30,0.002,0.001,0.001,0.2,0.6,0.6,0.1,1,0.660417148589016,0.0981933232323232,0.339582851410984,0.0504904646464647,0.0156999999999998,0.0156999999999998,0.0118915151515152,-0.0105854545454546
100,100,100,200,3,3,3,3,1,1,500,30,0.0005,0.0001,0.001,0.2,0.6,0.6,0.1,1,0.472666050857711,0.00910726262626263,0.527333949142289,0.010160595959596,0.00099999999999989,0.00099999999999989,-0.00101333333333331,0.000938181818181818
100,100,100,200,3,3,3,3,1,1,500,30,0.0005,0.0005,0.001,0.2,0.6,0.6,0.1,1,0.702508200771776,0.0149630202020202,0.297491799228224,0.00633640404040404,0.00550000000000006,0.00550000000000006,-0.00333454545454544,0.00512424242424243
100,100,100,200,3,3,3,3,1,1,500,30,0.0005,0.0015,0.001,0.2,0.6,0.6,0.1,1,0.857022974297203,0.026016404040404,0.142977025702797,0.00434031313131313,0.0272999999999999,0.0272999999999999,-0.00476666666666667,0.00184848484848484
100,100,100,200,3,3,3,3,1,1,500,30,0.0005,0.0025,0.001,0.2,0.6,0.6,0.1,1,0.798447812755986,0.0268195555555556,0.201552187244014,0.00677006060606061,0.00340000000000007,0.00340000000000007,-0.00169030303030298,-0.00715272727272728
100,100,100,200,3,3,3,3,1,1,500,30,0.0005,0.005,0.001,0.2,0.6,0.6,0.1,1,0.646727405623635,0.0165967171717172,0.353272594376365,0.00906589898989899,0.0459000000000001,0.0459000000000001,-0.013569696969697,-0.00227575757575761
100,100,100,200,3,3,3,3,1,1,500,30,0.0005,0.0075,0.001,0.2,0.6,0.6,0.1,1,0.815204992925589,0.0499051616161616,0.184795007074411,0.0113127676767677,0.0238999999999998,0.0238999999999998,-0.000216969696969683,-0.00504
100,100,100,200,3,3,3,3,1,1,500,30,0.0005,0.01,0.001,0.2,0.6,0.6,0.1,1,0.70172984828172,0.0223645555555556,0.29827015171828,0.00950605050505051,0.0901999999999998,0.0901999999999998,-0.00148060606060608,-0.00517878787878794
100,100,100,200,3,3,3,3,1,1,500,30,0.0005,0.015,0.001,0.2,0.6,0.6,0.1,1,0.831534347937666,0.0585522727272727,0.168465652062334,0.0118624646464646,0.0879000000000003,0.0879000000000003,0.00471030303030303,0.00563999999999999
100,100,100,200,3,3,3,3,1,1,500,30,0.0005,0.02,0.001,0.2,0.6,0.6,0.1,1,0.854526197475359,0.0319465050505051,0.145473802524641,0.00543854545454546,0.1092,0.1092,-0.00301030303030303,-0.000969696969696982
100,100,100,200,3,3,3,3,1,1,500,30,0.0005,0.05,0.001,0.2,0.6,0.6,0.1,1,0.762158464141573,0.026275797979798,0.237841535858427,0.00819970707070707,0.0741000000000001,0.0741000000000001,0.00096727272727273,-0.00524121212121208
100,100,100,200,3,3,3,3,1,1,500,30,0.0005,0.001,0.0001,0.2,0.6,0.6,0.1,1,0.72059223699481,0.0174668282828283,0.27940776300519,0.00677271717171717,0.0121000000000002,0.0121000000000002,-0.00348424242424249,0.00315454545454547
100,100,100,200,3,3,3,3,1,1,500,30,0.0005,0.001,0.0005,0.2,0.6,0.6,0.1,1,0.434448350639293,0.00839208080808081,0.565551649360707,0.0109245555555556,0.00910000000000011,0.00910000000000011,-0.000555757575757558,-0.00337515151515153
100,100,100,200,3,3,3,3,1,1,500,30,0.0005,0.001,0.0015,0.2,0.6,0.6,0.1,1,0.508120546879975,0.0166856060606061,0.491879453120026,0.0161522828282828,0.0437000000000003,0.0437000000000003,-0.00829212121212124,0.00329575757575758
100,100,100,200,3,3,3,3,1,1,500,30,0.0005,0.001,0.0025,0.2,0.6,0.6,0.1,1,0.52870052390012,0.0101670606060606,0.47129947609988,0.00906322222222222,0.0460000000000003,0.0460000000000003,0.0103642424242424,0.00218242424242422
100,100,100,200,3,3,3,3,1,1,500,30,0.0005,0.001,0.005,0.2,0.6,0.6,0.1,1,0.586698065399877,0.0156353434343434,0.413301934600123,0.0110143838383838,0.0274999999999999,0.0274999999999999,-0.00173393939393942,0.00180363636363636
100,100,100,200,3,3,3,3,1,1,500,30,0.0005,0.001,0.0075,0.2,0.6,0.6,0.1,1,0.657656798486158,0.0224990303030303,0.342343201513842,0.0117118686868687,0.0508999999999999,0.0508999999999999,0.00526787878787876,-0.0024369696969697
100,100,100,200,3,3,3,3,1,1,500,30,0.0005,0.001,0.01,0.2,0.6,0.6,0.1,1,0.687317549558195,0.0249454545454546,0.312682450441805,0.0113484747474747,0.00990000000000002,0.00990000000000002,-0.00330727272727278,0.00151090909090909
100,100,100,200,3,3,3,3,1,1,500,30,0.0005,0.001,0.015,0.2,0.6,0.6,0.1,1,0.698959671423409,0.0186595050505051,0.301040328576591,0.00803660606060606,0.0428999999999999,0.0428999999999999,0.00482606060606059,-0.00492060606060606
100,100,100,200,3,3,3,3,1,1,500,30,0.0005,0.001,0.02,0.2,0.6,0.6,0.1,1,0.540632127900419,0.0228236262626263,0.459367872099581,0.0193929292929293,0.0108999999999999,0.0108999999999999,0.00486606060606049,0.00135636363636363
100,100,100,200,3,3,3,3,1,1,500,30,0.0005,0.001,0.05,0.2,0.6,0.6,0.1,1,0.5692916137186,0.0124578888888889,0.4307083862814,0.00942525252525253,0.0396999999999998,0.0396999999999998,0.00908363636363646,0.00250848484848485
100,100,100,200,3,3,3,3,1,1,500,30,0.0005,0.001,0.001,0.01,0.6,0.6,0.1,1,0.789608230016828,0.0143987373737374,0.210391769983172,0.00383655555555556,0.0104000000000002,0.0104000000000002,-0.00551636363636364,-0.000590303030303038
100,100,100,200,3,3,3,3,1,1,500,30,0.0005,0.001,0.001,0.025,0.6,0.6,0.1,1,0.415934674308281,0.00823014141414142,0.584065325691719,0.0115569595959596,0.0523000000000002,0.0523000000000002,0.000893939393939422,0.000527878787878788
100,100,100,200,3,3,3,3,1,1,500,30,0.0005,0.001,0.001,0.05,0.6,0.6,0.1,1,0.397218798480507,0.010319303030303,0.602781201519493,0.0156595858585859,0.00839999999999996,0.00839999999999996,0.00211272727272726,0.000103030303030318
100,100,100,200,3,3,3,3,1,1,500,30,0.0005,0.001,0.001,0.075,0.6,0.6,0.1,1,0.664924510871641,0.0321860202020202,0.335075489128359,0.0162195050505051,0.0265,0.0265,-0.00183151515151516,0.00348121212121212
100,100,100,200,3,3,3,3,1,1,500,30,0.0005,0.001,0.001,0.1,0.6,0.6,0.1,1,0.629943914341904,0.0131037878787879,0.370056085658096,0.00769772727272727,0.044,0.044,-0.0023254545454545,-0.00291212121212122
100,100,100,200,3,3,3,3,1,1,500,30,0.0005,0.001,0.001,0.125,0.6,0.6,0.1,1,0.519434311253355,0.0172724343434343,0.480565688746645,0.0159799595959596,0.0648999999999997,0.0648999999999997,-0.00307212121212119,-0.00652484848484847
100,100,100,200,3,3,3,3,1,1,500,30,0.0005,0.001,0.001,0.15,0.6,0.6,0.1,1,0.645448329340077,0.0142260202020202,0.354551670659923,0.00781450505050505,0.0489999999999999,0.0489999999999999,0.00615151515151521,-0.00236424242424242
100,100,100,200,3,3,3,3,1,1,500,30,0.0005,0.001,0.001,0.175,0.6,0.6,0.1,1,0.64236352408778,0.0140799595959596,0.35763647591222,0.0078390303030303,0.0366,0.0366,-0.000850909090909037,0.00633454545454545
100,100,100,200,3,3,3,3,1,1,500,30,0.0005,0.001,0.001,0.25,0.6,0.6,0.1,1,0.469048843727365,0.0112835858585859,0.530951156272635,0.0127727272727273,0.00550000000000006,0.00550000000000006,0.00577818181818184,-0.00287333333333333
100,100,100,200,3,3,3,3,1,1,500,30,0.0005,0.001,0.001,0.5,0.6,0.6,0.1,1,0.46961369574898,0.0120797070707071,0.53038630425102,0.0136429393939394,0.00539999999999985,0.00539999999999985,0.00315090909090907,0.00297878787878788
100,100,100,200,3,3,3,3,1,1,500,30,0.0005,0.001,0.001,0.2,0,0.6,0.1,1,0.581386503700265,0.0109317575757576,0.418613496299735,0.00787115151515152,0.00320000000000009,0.00320000000000009,-0.00261393939393936,-0.00185818181818183
100,100,100,200,3,3,3,3,1,1,500,30,0.0005,0.001,0.001,0.2,0.1,0.6,0.1,1,0.774925632235812,0.0222744545454545,0.225074367764188,0.00646953535353535,0.0127000000000002,0.0127000000000002,0.00147454545454544,0.00639757575757575
100,100,100,200,3,3,3,3,1,1,500,30,0.0005,0.001,0.001,0.2,0.2,0.6,0.1,1,0.737568439805759,0.0244262626262626,0.262431560194241,0.00869102020202021,0.00669999999999993,0.00669999999999993,-0.00282909090909096,0.00163090909090908
100,100,100,200,3,3,3,3,1,1,500,30,0.0005,0.001,0.001,0.2,0.3,0.6,0.1,1,0.662352049122237,0.0194471111111111,0.337647950877763,0.00991357575757575,0.0190000000000001,0.0190000000000001,0.00237212121212124,-0.00574909090909091
100,100,100,200,3,3,3,3,1,1,500,30,0.0005,0.001,0.001,0.2,0.4,0.6,0.1,1,0.626159182308746,0.0156438787878788,0.373840817691254,0.0093399898989899,0.0155000000000003,0.0155000000000003,-0.003209696969697,-0.00207393939393939
100,100,100,200,3,3,3,3,1,1,500,30,0.0005,0.001,0.001,0.2,0.5,0.6,0.1,1,0.723692883448688,0.0247755454545455,0.276307116551312,0.00945934343434343,0.0625999999999998,0.0625999999999998,-0.00550242424242424,-0.000970909090909112
100,100,100,200,3,3,3,3,1,1,500,30,0.0005,0.001,0.001,0.2,0.6,0.6,0.1,1,0.676247198010935,0.0196489292929293,0.323752801989064,0.00940690909090909,0.0411999999999999,0.0411999999999999,0.00204545454545455,-0.0090612121212121
100,100,100,200,3,3,3,3,1,1,500,30,0.0005,0.001,0.001,0.2,0.7,0.6,0.1,1,0.738837785920404,0.0176382222222222,0.261162214079596,0.00623470707070707,0.0253999999999999,0.0253999999999999,-0.00184909090909091,0.00221272727272722
100,100,100,200,3,3,3,3,1,1,500,30,0.0005,0.001,0.001,0.2,0.8,0.6,0.1,1,0.553294298356586,0.0140263737373737,0.446705701643414,0.0113242828282828,0.0119000000000002,0.0119000000000002,-0.00543757575757576,-0.000891515151515168
100,100,100,200,3,3,3,3,1,1,500,30,0.0005,0.001,0.001,0.2,0.9,0.6,0.1,1,0.773014162179855,0.0283401515151515,0.226985837820145,0.00832172727272727,0.0238,0.0238,0.00631212121212127,-0.00549696969696969
100,100,100,200,3,3,3,3,1,1,500,30,0.0005,0.001,0.001,0.2,0.6,0,0.1,1,0.750359484351204,0.0156970808080808,0.249640515648796,0.00522233333333334,0.0916000000000001,0.0916000000000001,-0.000995151515151532,-0.00122909090909085
100,100,100,200,3,3,3,3,1,1,500,30,0.0005,0.001,0.001,0.2,0.6,0.1,0.1,1,0.723501068297355,0.0198385454545455,0.276498931702645,0.00758165656565656,0.0568,0.0568,0.000892121212121204,0.000352121212121195
100,100,100,200,3,3,3,3,1,1,500,30,0.0005,0.001,0.001,0.2,0.6,0.2,0.1,1,0.750829269738695,0.0153508181818182,0.249170730261305,0.00509433333333333,0.0493999999999999,0.0493999999999999,-0.00593636363636363,0.00128363636363636
100,100,100,200,3,3,3,3,1,1,500,30,0.0005,0.001,0.001,0.2,0.6,0.3,0.1,1,0.597689492464482,0.0151682424242424,0.402310507535518,0.0102098888888889,0.0251000000000001,0.0251000000000001,0.00746181818181819,-0.00426242424242421
100,100,100,200,3,3,3,3,1,1,500,30,0.0005,0.001,0.001,0.2,0.6,0.4,0.1,1,0.442263540120085,0.00963737373737374,0.557736459879915,0.0121536464646465,0.0083000000000002,0.0083000000000002,0.00193818181818176,-0.00238424242424242
100,100,100,200,3,3,3,3,1,1,500,30,0.0005,0.001,0.001,0.2,0.6,0.5,0.1,1,0.552901021157846,0.0139490505050505,0.447098978842154,0.0112797878787879,0.0261,0.0261,-0.0076296969696969,0.00539454545454548
100,100,100,200,3,3,3,3,1,1,500,30,0.0005,0.001,0.001,0.2,0.6,0.6,0.1,1,0.781726254213991,0.0204854444444444,0.218273745786009,0.00571994949494949,0.0366,0.0366,0.000407272727272717,-0.00942727272727273
100,100,100,200,3,3,3,3,1,1,500,30,0.0005,0.001,0.001,0.2,0.6,0.7,0.1,1,0.610527497194164,0.0167589797979798,0.389472502805836,0.0106910202020202,0.0398000000000001,0.0398000000000001,-0.00240666666666665,0.00472606060606059
100,100,100,200,3,3,3,3,1,1,500,30,0.0005,0.001,0.001,0.2,0.6,0.8,0.1,1,0.791752011909159,0.0128613636363636,0.208247988090841,0.00338281818181818,0.0326,0.0326,-0.00264060606060602,0.0029278787878788
100,100,100,200,3,3,3,3,1,1,500,30,0.0005,0.001,0.001,0.2,0.6,0.9,0.1,1,0.609585147547629,0.0161610505050505,0.390414852452371,0.0103505050505051,0.000599999999999934,0.000599999999999934,-0.00348484848484847,-0.000638181818181826
100,100,100,200,3,3,3,3,1,1,500,30,0.0005,0.001,0.001,0.2,0.6,0.6,0.1,1,0.48919914108399,0.00997352525252526,0.51080085891601,0.0104139292929293,0.0800000000000001,0.0800000000000001,-0.0013606060606061,-0.00399454545454544
